Episode,Average Reward,Environment,Max Episodes,Learning Rate,Gamma,Hidden Layers,Seed
100,23,CartPole-v1,100000.0,0.0001,0.96,4,0
200,20,CartPole-v1,100000.0,0.0001,0.96,4,0
300,21,CartPole-v1,100000.0,0.0001,0.96,4,0
400,20,CartPole-v1,100000.0,0.0001,0.96,4,0
500,20,CartPole-v1,100000.0,0.0001,0.96,4,0
600,18,CartPole-v1,100000.0,0.0001,0.96,4,0
700,19,CartPole-v1,100000.0,0.0001,0.96,4,0
800,18,CartPole-v1,100000.0,0.0001,0.96,4,0
900,20,CartPole-v1,100000.0,0.0001,0.96,4,0
1000,19,CartPole-v1,100000.0,0.0001,0.96,4,0
1100,18,CartPole-v1,100000.0,0.0001,0.96,4,0
1200,18,CartPole-v1,100000.0,0.0001,0.96,4,0
1300,20,CartPole-v1,100000.0,0.0001,0.96,4,0
1400,19,CartPole-v1,100000.0,0.0001,0.96,4,0
1500,18,CartPole-v1,100000.0,0.0001,0.96,4,0
1600,19,CartPole-v1,100000.0,0.0001,0.96,4,0
1700,19,CartPole-v1,100000.0,0.0001,0.96,4,0
1800,18,CartPole-v1,100000.0,0.0001,0.96,4,0
1900,22,CartPole-v1,100000.0,0.0001,0.96,4,0
2000,18,CartPole-v1,100000.0,0.0001,0.96,4,0
2100,18,CartPole-v1,100000.0,0.0001,0.96,4,0
2200,18,CartPole-v1,100000.0,0.0001,0.96,4,0
2300,19,CartPole-v1,100000.0,0.0001,0.96,4,0
2400,18,CartPole-v1,100000.0,0.0001,0.96,4,0
2500,18,CartPole-v1,100000.0,0.0001,0.96,4,0
2600,20,CartPole-v1,100000.0,0.0001,0.96,4,0
2700,20,CartPole-v1,100000.0,0.0001,0.96,4,0
2800,20,CartPole-v1,100000.0,0.0001,0.96,4,0
2900,18,CartPole-v1,100000.0,0.0001,0.96,4,0
3000,19,CartPole-v1,100000.0,0.0001,0.96,4,0
3100,19,CartPole-v1,100000.0,0.0001,0.96,4,0
3200,18,CartPole-v1,100000.0,0.0001,0.96,4,0
3300,18,CartPole-v1,100000.0,0.0001,0.96,4,0
3400,19,CartPole-v1,100000.0,0.0001,0.96,4,0
3500,19,CartPole-v1,100000.0,0.0001,0.96,4,0
3600,20,CartPole-v1,100000.0,0.0001,0.96,4,0
3700,19,CartPole-v1,100000.0,0.0001,0.96,4,0
3800,18,CartPole-v1,100000.0,0.0001,0.96,4,0
3900,19,CartPole-v1,100000.0,0.0001,0.96,4,0
4000,18,CartPole-v1,100000.0,0.0001,0.96,4,0
4100,19,CartPole-v1,100000.0,0.0001,0.96,4,0
4200,19,CartPole-v1,100000.0,0.0001,0.96,4,0
4300,19,CartPole-v1,100000.0,0.0001,0.96,4,0
4400,20,CartPole-v1,100000.0,0.0001,0.96,4,0
4500,17,CartPole-v1,100000.0,0.0001,0.96,4,0
4600,18,CartPole-v1,100000.0,0.0001,0.96,4,0
4700,19,CartPole-v1,100000.0,0.0001,0.96,4,0
4800,19,CartPole-v1,100000.0,0.0001,0.96,4,0
4900,19,CartPole-v1,100000.0,0.0001,0.96,4,0
5000,17,CartPole-v1,100000.0,0.0001,0.96,4,0
5100,20,CartPole-v1,100000.0,0.0001,0.96,4,0
5200,18,CartPole-v1,100000.0,0.0001,0.96,4,0
5300,20,CartPole-v1,100000.0,0.0001,0.96,4,0
5400,17,CartPole-v1,100000.0,0.0001,0.96,4,0
5500,20,CartPole-v1,100000.0,0.0001,0.96,4,0
5600,19,CartPole-v1,100000.0,0.0001,0.96,4,0
5700,19,CartPole-v1,100000.0,0.0001,0.96,4,0
5800,19,CartPole-v1,100000.0,0.0001,0.96,4,0
5900,20,CartPole-v1,100000.0,0.0001,0.96,4,0
6000,19,CartPole-v1,100000.0,0.0001,0.96,4,0
6100,19,CartPole-v1,100000.0,0.0001,0.96,4,0
6200,18,CartPole-v1,100000.0,0.0001,0.96,4,0
6300,20,CartPole-v1,100000.0,0.0001,0.96,4,0
6400,20,CartPole-v1,100000.0,0.0001,0.96,4,0
6500,18,CartPole-v1,100000.0,0.0001,0.96,4,0
6600,18,CartPole-v1,100000.0,0.0001,0.96,4,0
6700,19,CartPole-v1,100000.0,0.0001,0.96,4,0
6800,19,CartPole-v1,100000.0,0.0001,0.96,4,0
6900,19,CartPole-v1,100000.0,0.0001,0.96,4,0
7000,19,CartPole-v1,100000.0,0.0001,0.96,4,0
7100,21,CartPole-v1,100000.0,0.0001,0.96,4,0
7200,19,CartPole-v1,100000.0,0.0001,0.96,4,0
7300,21,CartPole-v1,100000.0,0.0001,0.96,4,0
7400,20,CartPole-v1,100000.0,0.0001,0.96,4,0
7500,22,CartPole-v1,100000.0,0.0001,0.96,4,0
7600,20,CartPole-v1,100000.0,0.0001,0.96,4,0
7700,20,CartPole-v1,100000.0,0.0001,0.96,4,0
7800,20,CartPole-v1,100000.0,0.0001,0.96,4,0
7900,20,CartPole-v1,100000.0,0.0001,0.96,4,0
8000,22,CartPole-v1,100000.0,0.0001,0.96,4,0
8100,20,CartPole-v1,100000.0,0.0001,0.96,4,0
8200,20,CartPole-v1,100000.0,0.0001,0.96,4,0
8300,20,CartPole-v1,100000.0,0.0001,0.96,4,0
8400,21,CartPole-v1,100000.0,0.0001,0.96,4,0
8500,21,CartPole-v1,100000.0,0.0001,0.96,4,0
8600,20,CartPole-v1,100000.0,0.0001,0.96,4,0
8700,21,CartPole-v1,100000.0,0.0001,0.96,4,0
8800,19,CartPole-v1,100000.0,0.0001,0.96,4,0
8900,20,CartPole-v1,100000.0,0.0001,0.96,4,0
9000,21,CartPole-v1,100000.0,0.0001,0.96,4,0
9100,21,CartPole-v1,100000.0,0.0001,0.96,4,0
9200,20,CartPole-v1,100000.0,0.0001,0.96,4,0
9300,21,CartPole-v1,100000.0,0.0001,0.96,4,0
9400,22,CartPole-v1,100000.0,0.0001,0.96,4,0
9500,22,CartPole-v1,100000.0,0.0001,0.96,4,0
9600,21,CartPole-v1,100000.0,0.0001,0.96,4,0
9700,20,CartPole-v1,100000.0,0.0001,0.96,4,0
9800,22,CartPole-v1,100000.0,0.0001,0.96,4,0
9900,20,CartPole-v1,100000.0,0.0001,0.96,4,0
10000,21,CartPole-v1,100000.0,0.0001,0.96,4,0
10100,20,CartPole-v1,100000.0,0.0001,0.96,4,0
10200,19,CartPole-v1,100000.0,0.0001,0.96,4,0
10300,23,CartPole-v1,100000.0,0.0001,0.96,4,0
10400,20,CartPole-v1,100000.0,0.0001,0.96,4,0
10500,22,CartPole-v1,100000.0,0.0001,0.96,4,0
10600,20,CartPole-v1,100000.0,0.0001,0.96,4,0
10700,21,CartPole-v1,100000.0,0.0001,0.96,4,0
10800,21,CartPole-v1,100000.0,0.0001,0.96,4,0
10900,22,CartPole-v1,100000.0,0.0001,0.96,4,0
11000,21,CartPole-v1,100000.0,0.0001,0.96,4,0
11100,21,CartPole-v1,100000.0,0.0001,0.96,4,0
11200,20,CartPole-v1,100000.0,0.0001,0.96,4,0
11300,22,CartPole-v1,100000.0,0.0001,0.96,4,0
11400,21,CartPole-v1,100000.0,0.0001,0.96,4,0
11500,22,CartPole-v1,100000.0,0.0001,0.96,4,0
11600,22,CartPole-v1,100000.0,0.0001,0.96,4,0
11700,22,CartPole-v1,100000.0,0.0001,0.96,4,0
11800,23,CartPole-v1,100000.0,0.0001,0.96,4,0
11900,22,CartPole-v1,100000.0,0.0001,0.96,4,0
12000,19,CartPole-v1,100000.0,0.0001,0.96,4,0
12100,21,CartPole-v1,100000.0,0.0001,0.96,4,0
12200,21,CartPole-v1,100000.0,0.0001,0.96,4,0
12300,21,CartPole-v1,100000.0,0.0001,0.96,4,0
12400,19,CartPole-v1,100000.0,0.0001,0.96,4,0
12500,20,CartPole-v1,100000.0,0.0001,0.96,4,0
12600,21,CartPole-v1,100000.0,0.0001,0.96,4,0
12700,21,CartPole-v1,100000.0,0.0001,0.96,4,0
12800,19,CartPole-v1,100000.0,0.0001,0.96,4,0
12900,21,CartPole-v1,100000.0,0.0001,0.96,4,0
13000,21,CartPole-v1,100000.0,0.0001,0.96,4,0
13100,20,CartPole-v1,100000.0,0.0001,0.96,4,0
13200,21,CartPole-v1,100000.0,0.0001,0.96,4,0
13300,20,CartPole-v1,100000.0,0.0001,0.96,4,0
13400,20,CartPole-v1,100000.0,0.0001,0.96,4,0
13500,20,CartPole-v1,100000.0,0.0001,0.96,4,0
13600,20,CartPole-v1,100000.0,0.0001,0.96,4,0
13700,21,CartPole-v1,100000.0,0.0001,0.96,4,0
13800,21,CartPole-v1,100000.0,0.0001,0.96,4,0
13900,22,CartPole-v1,100000.0,0.0001,0.96,4,0
14000,21,CartPole-v1,100000.0,0.0001,0.96,4,0
14100,21,CartPole-v1,100000.0,0.0001,0.96,4,0
14200,19,CartPole-v1,100000.0,0.0001,0.96,4,0
14300,20,CartPole-v1,100000.0,0.0001,0.96,4,0
14400,22,CartPole-v1,100000.0,0.0001,0.96,4,0
14500,19,CartPole-v1,100000.0,0.0001,0.96,4,0
14600,20,CartPole-v1,100000.0,0.0001,0.96,4,0
14700,22,CartPole-v1,100000.0,0.0001,0.96,4,0
14800,20,CartPole-v1,100000.0,0.0001,0.96,4,0
14900,20,CartPole-v1,100000.0,0.0001,0.96,4,0
15000,20,CartPole-v1,100000.0,0.0001,0.96,4,0
15100,20,CartPole-v1,100000.0,0.0001,0.96,4,0
15200,20,CartPole-v1,100000.0,0.0001,0.96,4,0
15300,20,CartPole-v1,100000.0,0.0001,0.96,4,0
15400,20,CartPole-v1,100000.0,0.0001,0.96,4,0
15500,20,CartPole-v1,100000.0,0.0001,0.96,4,0
15600,20,CartPole-v1,100000.0,0.0001,0.96,4,0
15700,20,CartPole-v1,100000.0,0.0001,0.96,4,0
15800,20,CartPole-v1,100000.0,0.0001,0.96,4,0
15900,19,CartPole-v1,100000.0,0.0001,0.96,4,0
16000,21,CartPole-v1,100000.0,0.0001,0.96,4,0
16100,19,CartPole-v1,100000.0,0.0001,0.96,4,0
16200,21,CartPole-v1,100000.0,0.0001,0.96,4,0
16300,21,CartPole-v1,100000.0,0.0001,0.96,4,0
16400,20,CartPole-v1,100000.0,0.0001,0.96,4,0
16500,21,CartPole-v1,100000.0,0.0001,0.96,4,0
16600,20,CartPole-v1,100000.0,0.0001,0.96,4,0
16700,19,CartPole-v1,100000.0,0.0001,0.96,4,0
16800,20,CartPole-v1,100000.0,0.0001,0.96,4,0
16900,20,CartPole-v1,100000.0,0.0001,0.96,4,0
17000,20,CartPole-v1,100000.0,0.0001,0.96,4,0
17100,21,CartPole-v1,100000.0,0.0001,0.96,4,0
17200,19,CartPole-v1,100000.0,0.0001,0.96,4,0
17300,21,CartPole-v1,100000.0,0.0001,0.96,4,0
17400,21,CartPole-v1,100000.0,0.0001,0.96,4,0
17500,20,CartPole-v1,100000.0,0.0001,0.96,4,0
17600,20,CartPole-v1,100000.0,0.0001,0.96,4,0
17700,19,CartPole-v1,100000.0,0.0001,0.96,4,0
17800,20,CartPole-v1,100000.0,0.0001,0.96,4,0
17900,20,CartPole-v1,100000.0,0.0001,0.96,4,0
18000,20,CartPole-v1,100000.0,0.0001,0.96,4,0
18100,19,CartPole-v1,100000.0,0.0001,0.96,4,0
18200,20,CartPole-v1,100000.0,0.0001,0.96,4,0
18300,21,CartPole-v1,100000.0,0.0001,0.96,4,0
18400,20,CartPole-v1,100000.0,0.0001,0.96,4,0
18500,19,CartPole-v1,100000.0,0.0001,0.96,4,0
18600,21,CartPole-v1,100000.0,0.0001,0.96,4,0
18700,19,CartPole-v1,100000.0,0.0001,0.96,4,0
18800,20,CartPole-v1,100000.0,0.0001,0.96,4,0
18900,20,CartPole-v1,100000.0,0.0001,0.96,4,0
19000,20,CartPole-v1,100000.0,0.0001,0.96,4,0
19100,20,CartPole-v1,100000.0,0.0001,0.96,4,0
19200,19,CartPole-v1,100000.0,0.0001,0.96,4,0
19300,20,CartPole-v1,100000.0,0.0001,0.96,4,0
19400,20,CartPole-v1,100000.0,0.0001,0.96,4,0
19500,20,CartPole-v1,100000.0,0.0001,0.96,4,0
19600,20,CartPole-v1,100000.0,0.0001,0.96,4,0
19700,20,CartPole-v1,100000.0,0.0001,0.96,4,0
19800,18,CartPole-v1,100000.0,0.0001,0.96,4,0
19900,19,CartPole-v1,100000.0,0.0001,0.96,4,0
20000,19,CartPole-v1,100000.0,0.0001,0.96,4,0
20100,19,CartPole-v1,100000.0,0.0001,0.96,4,0
20200,20,CartPole-v1,100000.0,0.0001,0.96,4,0
20300,19,CartPole-v1,100000.0,0.0001,0.96,4,0
20400,19,CartPole-v1,100000.0,0.0001,0.96,4,0
20500,19,CartPole-v1,100000.0,0.0001,0.96,4,0
20600,20,CartPole-v1,100000.0,0.0001,0.96,4,0
20700,19,CartPole-v1,100000.0,0.0001,0.96,4,0
20800,18,CartPole-v1,100000.0,0.0001,0.96,4,0
20900,20,CartPole-v1,100000.0,0.0001,0.96,4,0
21000,21,CartPole-v1,100000.0,0.0001,0.96,4,0
21100,18,CartPole-v1,100000.0,0.0001,0.96,4,0
21200,18,CartPole-v1,100000.0,0.0001,0.96,4,0
21300,18,CartPole-v1,100000.0,0.0001,0.96,4,0
21400,19,CartPole-v1,100000.0,0.0001,0.96,4,0
21500,20,CartPole-v1,100000.0,0.0001,0.96,4,0
21600,18,CartPole-v1,100000.0,0.0001,0.96,4,0
21700,19,CartPole-v1,100000.0,0.0001,0.96,4,0
21800,19,CartPole-v1,100000.0,0.0001,0.96,4,0
21900,19,CartPole-v1,100000.0,0.0001,0.96,4,0
22000,20,CartPole-v1,100000.0,0.0001,0.96,4,0
22100,21,CartPole-v1,100000.0,0.0001,0.96,4,0
22200,19,CartPole-v1,100000.0,0.0001,0.96,4,0
22300,19,CartPole-v1,100000.0,0.0001,0.96,4,0
22400,19,CartPole-v1,100000.0,0.0001,0.96,4,0
22500,19,CartPole-v1,100000.0,0.0001,0.96,4,0
22600,19,CartPole-v1,100000.0,0.0001,0.96,4,0
22700,18,CartPole-v1,100000.0,0.0001,0.96,4,0
22800,18,CartPole-v1,100000.0,0.0001,0.96,4,0
22900,20,CartPole-v1,100000.0,0.0001,0.96,4,0
23000,20,CartPole-v1,100000.0,0.0001,0.96,4,0
23100,21,CartPole-v1,100000.0,0.0001,0.96,4,0
23200,19,CartPole-v1,100000.0,0.0001,0.96,4,0
23300,21,CartPole-v1,100000.0,0.0001,0.96,4,0
23400,20,CartPole-v1,100000.0,0.0001,0.96,4,0
23500,21,CartPole-v1,100000.0,0.0001,0.96,4,0
23600,22,CartPole-v1,100000.0,0.0001,0.96,4,0
23700,19,CartPole-v1,100000.0,0.0001,0.96,4,0
23800,21,CartPole-v1,100000.0,0.0001,0.96,4,0
23900,19,CartPole-v1,100000.0,0.0001,0.96,4,0
24000,19,CartPole-v1,100000.0,0.0001,0.96,4,0
24100,20,CartPole-v1,100000.0,0.0001,0.96,4,0
24200,21,CartPole-v1,100000.0,0.0001,0.96,4,0
24300,20,CartPole-v1,100000.0,0.0001,0.96,4,0
24400,18,CartPole-v1,100000.0,0.0001,0.96,4,0
24500,20,CartPole-v1,100000.0,0.0001,0.96,4,0
24600,19,CartPole-v1,100000.0,0.0001,0.96,4,0
24700,21,CartPole-v1,100000.0,0.0001,0.96,4,0
24800,19,CartPole-v1,100000.0,0.0001,0.96,4,0
24900,18,CartPole-v1,100000.0,0.0001,0.96,4,0
25000,21,CartPole-v1,100000.0,0.0001,0.96,4,0
25100,22,CartPole-v1,100000.0,0.0001,0.96,4,0
25200,20,CartPole-v1,100000.0,0.0001,0.96,4,0
25300,21,CartPole-v1,100000.0,0.0001,0.96,4,0
25400,22,CartPole-v1,100000.0,0.0001,0.96,4,0
25500,21,CartPole-v1,100000.0,0.0001,0.96,4,0
25600,23,CartPole-v1,100000.0,0.0001,0.96,4,0
25700,21,CartPole-v1,100000.0,0.0001,0.96,4,0
25800,21,CartPole-v1,100000.0,0.0001,0.96,4,0
25900,22,CartPole-v1,100000.0,0.0001,0.96,4,0
26000,21,CartPole-v1,100000.0,0.0001,0.96,4,0
26100,22,CartPole-v1,100000.0,0.0001,0.96,4,0
26200,20,CartPole-v1,100000.0,0.0001,0.96,4,0
26300,20,CartPole-v1,100000.0,0.0001,0.96,4,0
26400,20,CartPole-v1,100000.0,0.0001,0.96,4,0
26500,21,CartPole-v1,100000.0,0.0001,0.96,4,0
26600,21,CartPole-v1,100000.0,0.0001,0.96,4,0
26700,19,CartPole-v1,100000.0,0.0001,0.96,4,0
26800,20,CartPole-v1,100000.0,0.0001,0.96,4,0
26900,20,CartPole-v1,100000.0,0.0001,0.96,4,0
27000,20,CartPole-v1,100000.0,0.0001,0.96,4,0
27100,22,CartPole-v1,100000.0,0.0001,0.96,4,0
27200,19,CartPole-v1,100000.0,0.0001,0.96,4,0
27300,23,CartPole-v1,100000.0,0.0001,0.96,4,0
27400,20,CartPole-v1,100000.0,0.0001,0.96,4,0
27500,19,CartPole-v1,100000.0,0.0001,0.96,4,0
27600,20,CartPole-v1,100000.0,0.0001,0.96,4,0
27700,20,CartPole-v1,100000.0,0.0001,0.96,4,0
27800,21,CartPole-v1,100000.0,0.0001,0.96,4,0
27900,20,CartPole-v1,100000.0,0.0001,0.96,4,0
28000,20,CartPole-v1,100000.0,0.0001,0.96,4,0
28100,20,CartPole-v1,100000.0,0.0001,0.96,4,0
28200,21,CartPole-v1,100000.0,0.0001,0.96,4,0
28300,20,CartPole-v1,100000.0,0.0001,0.96,4,0
28400,20,CartPole-v1,100000.0,0.0001,0.96,4,0
28500,22,CartPole-v1,100000.0,0.0001,0.96,4,0
28600,20,CartPole-v1,100000.0,0.0001,0.96,4,0
28700,19,CartPole-v1,100000.0,0.0001,0.96,4,0
28800,23,CartPole-v1,100000.0,0.0001,0.96,4,0
28900,20,CartPole-v1,100000.0,0.0001,0.96,4,0
29000,21,CartPole-v1,100000.0,0.0001,0.96,4,0
29100,20,CartPole-v1,100000.0,0.0001,0.96,4,0
29200,22,CartPole-v1,100000.0,0.0001,0.96,4,0
29300,21,CartPole-v1,100000.0,0.0001,0.96,4,0
29400,21,CartPole-v1,100000.0,0.0001,0.96,4,0
29500,20,CartPole-v1,100000.0,0.0001,0.96,4,0
29600,21,CartPole-v1,100000.0,0.0001,0.96,4,0
29700,20,CartPole-v1,100000.0,0.0001,0.96,4,0
29800,20,CartPole-v1,100000.0,0.0001,0.96,4,0
29900,23,CartPole-v1,100000.0,0.0001,0.96,4,0
30000,19,CartPole-v1,100000.0,0.0001,0.96,4,0
30100,21,CartPole-v1,100000.0,0.0001,0.96,4,0
30200,22,CartPole-v1,100000.0,0.0001,0.96,4,0
30300,21,CartPole-v1,100000.0,0.0001,0.96,4,0
30400,21,CartPole-v1,100000.0,0.0001,0.96,4,0
30500,21,CartPole-v1,100000.0,0.0001,0.96,4,0
30600,21,CartPole-v1,100000.0,0.0001,0.96,4,0
30700,22,CartPole-v1,100000.0,0.0001,0.96,4,0
30800,21,CartPole-v1,100000.0,0.0001,0.96,4,0
30900,22,CartPole-v1,100000.0,0.0001,0.96,4,0
31000,24,CartPole-v1,100000.0,0.0001,0.96,4,0
31100,20,CartPole-v1,100000.0,0.0001,0.96,4,0
31200,20,CartPole-v1,100000.0,0.0001,0.96,4,0
31300,21,CartPole-v1,100000.0,0.0001,0.96,4,0
31400,21,CartPole-v1,100000.0,0.0001,0.96,4,0
31500,24,CartPole-v1,100000.0,0.0001,0.96,4,0
31600,21,CartPole-v1,100000.0,0.0001,0.96,4,0
31700,23,CartPole-v1,100000.0,0.0001,0.96,4,0
31800,22,CartPole-v1,100000.0,0.0001,0.96,4,0
31900,20,CartPole-v1,100000.0,0.0001,0.96,4,0
32000,21,CartPole-v1,100000.0,0.0001,0.96,4,0
32100,21,CartPole-v1,100000.0,0.0001,0.96,4,0
32200,23,CartPole-v1,100000.0,0.0001,0.96,4,0
32300,21,CartPole-v1,100000.0,0.0001,0.96,4,0
32400,20,CartPole-v1,100000.0,0.0001,0.96,4,0
32500,22,CartPole-v1,100000.0,0.0001,0.96,4,0
32600,22,CartPole-v1,100000.0,0.0001,0.96,4,0
32700,21,CartPole-v1,100000.0,0.0001,0.96,4,0
32800,21,CartPole-v1,100000.0,0.0001,0.96,4,0
32900,22,CartPole-v1,100000.0,0.0001,0.96,4,0
33000,20,CartPole-v1,100000.0,0.0001,0.96,4,0
33100,25,CartPole-v1,100000.0,0.0001,0.96,4,0
33200,22,CartPole-v1,100000.0,0.0001,0.96,4,0
33300,22,CartPole-v1,100000.0,0.0001,0.96,4,0
33400,22,CartPole-v1,100000.0,0.0001,0.96,4,0
33500,20,CartPole-v1,100000.0,0.0001,0.96,4,0
33600,21,CartPole-v1,100000.0,0.0001,0.96,4,0
33700,22,CartPole-v1,100000.0,0.0001,0.96,4,0
33800,20,CartPole-v1,100000.0,0.0001,0.96,4,0
33900,22,CartPole-v1,100000.0,0.0001,0.96,4,0
34000,21,CartPole-v1,100000.0,0.0001,0.96,4,0
34100,21,CartPole-v1,100000.0,0.0001,0.96,4,0
34200,22,CartPole-v1,100000.0,0.0001,0.96,4,0
34300,24,CartPole-v1,100000.0,0.0001,0.96,4,0
34400,21,CartPole-v1,100000.0,0.0001,0.96,4,0
34500,21,CartPole-v1,100000.0,0.0001,0.96,4,0
34600,22,CartPole-v1,100000.0,0.0001,0.96,4,0
34700,24,CartPole-v1,100000.0,0.0001,0.96,4,0
34800,24,CartPole-v1,100000.0,0.0001,0.96,4,0
34900,21,CartPole-v1,100000.0,0.0001,0.96,4,0
35000,22,CartPole-v1,100000.0,0.0001,0.96,4,0
35100,22,CartPole-v1,100000.0,0.0001,0.96,4,0
35200,20,CartPole-v1,100000.0,0.0001,0.96,4,0
35300,24,CartPole-v1,100000.0,0.0001,0.96,4,0
35400,21,CartPole-v1,100000.0,0.0001,0.96,4,0
35500,22,CartPole-v1,100000.0,0.0001,0.96,4,0
35600,20,CartPole-v1,100000.0,0.0001,0.96,4,0
35700,22,CartPole-v1,100000.0,0.0001,0.96,4,0
35800,23,CartPole-v1,100000.0,0.0001,0.96,4,0
35900,23,CartPole-v1,100000.0,0.0001,0.96,4,0
36000,20,CartPole-v1,100000.0,0.0001,0.96,4,0
36100,20,CartPole-v1,100000.0,0.0001,0.96,4,0
36200,19,CartPole-v1,100000.0,0.0001,0.96,4,0
36300,23,CartPole-v1,100000.0,0.0001,0.96,4,0
36400,22,CartPole-v1,100000.0,0.0001,0.96,4,0
36500,23,CartPole-v1,100000.0,0.0001,0.96,4,0
36600,22,CartPole-v1,100000.0,0.0001,0.96,4,0
36700,20,CartPole-v1,100000.0,0.0001,0.96,4,0
36800,23,CartPole-v1,100000.0,0.0001,0.96,4,0
36900,24,CartPole-v1,100000.0,0.0001,0.96,4,0
37000,20,CartPole-v1,100000.0,0.0001,0.96,4,0
37100,23,CartPole-v1,100000.0,0.0001,0.96,4,0
37200,21,CartPole-v1,100000.0,0.0001,0.96,4,0
37300,24,CartPole-v1,100000.0,0.0001,0.96,4,0
37400,22,CartPole-v1,100000.0,0.0001,0.96,4,0
37500,23,CartPole-v1,100000.0,0.0001,0.96,4,0
37600,24,CartPole-v1,100000.0,0.0001,0.96,4,0
37700,22,CartPole-v1,100000.0,0.0001,0.96,4,0
37800,22,CartPole-v1,100000.0,0.0001,0.96,4,0
37900,23,CartPole-v1,100000.0,0.0001,0.96,4,0
38000,23,CartPole-v1,100000.0,0.0001,0.96,4,0
38100,22,CartPole-v1,100000.0,0.0001,0.96,4,0
38200,20,CartPole-v1,100000.0,0.0001,0.96,4,0
38300,24,CartPole-v1,100000.0,0.0001,0.96,4,0
38400,20,CartPole-v1,100000.0,0.0001,0.96,4,0
38500,23,CartPole-v1,100000.0,0.0001,0.96,4,0
38600,22,CartPole-v1,100000.0,0.0001,0.96,4,0
38700,22,CartPole-v1,100000.0,0.0001,0.96,4,0
38800,22,CartPole-v1,100000.0,0.0001,0.96,4,0
38900,21,CartPole-v1,100000.0,0.0001,0.96,4,0
39000,23,CartPole-v1,100000.0,0.0001,0.96,4,0
39100,25,CartPole-v1,100000.0,0.0001,0.96,4,0
39200,24,CartPole-v1,100000.0,0.0001,0.96,4,0
39300,25,CartPole-v1,100000.0,0.0001,0.96,4,0
39400,23,CartPole-v1,100000.0,0.0001,0.96,4,0
39500,23,CartPole-v1,100000.0,0.0001,0.96,4,0
39600,22,CartPole-v1,100000.0,0.0001,0.96,4,0
39700,21,CartPole-v1,100000.0,0.0001,0.96,4,0
39800,24,CartPole-v1,100000.0,0.0001,0.96,4,0
39900,23,CartPole-v1,100000.0,0.0001,0.96,4,0
40000,22,CartPole-v1,100000.0,0.0001,0.96,4,0
40100,23,CartPole-v1,100000.0,0.0001,0.96,4,0
40200,21,CartPole-v1,100000.0,0.0001,0.96,4,0
40300,24,CartPole-v1,100000.0,0.0001,0.96,4,0
40400,22,CartPole-v1,100000.0,0.0001,0.96,4,0
40500,22,CartPole-v1,100000.0,0.0001,0.96,4,0
40600,24,CartPole-v1,100000.0,0.0001,0.96,4,0
40700,23,CartPole-v1,100000.0,0.0001,0.96,4,0
40800,22,CartPole-v1,100000.0,0.0001,0.96,4,0
40900,24,CartPole-v1,100000.0,0.0001,0.96,4,0
41000,22,CartPole-v1,100000.0,0.0001,0.96,4,0
41100,22,CartPole-v1,100000.0,0.0001,0.96,4,0
41200,24,CartPole-v1,100000.0,0.0001,0.96,4,0
41300,23,CartPole-v1,100000.0,0.0001,0.96,4,0
41400,26,CartPole-v1,100000.0,0.0001,0.96,4,0
41500,24,CartPole-v1,100000.0,0.0001,0.96,4,0
41600,22,CartPole-v1,100000.0,0.0001,0.96,4,0
41700,21,CartPole-v1,100000.0,0.0001,0.96,4,0
41800,22,CartPole-v1,100000.0,0.0001,0.96,4,0
41900,21,CartPole-v1,100000.0,0.0001,0.96,4,0
42000,23,CartPole-v1,100000.0,0.0001,0.96,4,0
42100,24,CartPole-v1,100000.0,0.0001,0.96,4,0
42200,22,CartPole-v1,100000.0,0.0001,0.96,4,0
42300,22,CartPole-v1,100000.0,0.0001,0.96,4,0
42400,25,CartPole-v1,100000.0,0.0001,0.96,4,0
42500,24,CartPole-v1,100000.0,0.0001,0.96,4,0
42600,25,CartPole-v1,100000.0,0.0001,0.96,4,0
42700,23,CartPole-v1,100000.0,0.0001,0.96,4,0
42800,23,CartPole-v1,100000.0,0.0001,0.96,4,0
42900,25,CartPole-v1,100000.0,0.0001,0.96,4,0
43000,24,CartPole-v1,100000.0,0.0001,0.96,4,0
43100,23,CartPole-v1,100000.0,0.0001,0.96,4,0
43200,24,CartPole-v1,100000.0,0.0001,0.96,4,0
43300,23,CartPole-v1,100000.0,0.0001,0.96,4,0
43400,23,CartPole-v1,100000.0,0.0001,0.96,4,0
43500,26,CartPole-v1,100000.0,0.0001,0.96,4,0
43600,23,CartPole-v1,100000.0,0.0001,0.96,4,0
43700,26,CartPole-v1,100000.0,0.0001,0.96,4,0
43800,24,CartPole-v1,100000.0,0.0001,0.96,4,0
43900,23,CartPole-v1,100000.0,0.0001,0.96,4,0
44000,25,CartPole-v1,100000.0,0.0001,0.96,4,0
44100,23,CartPole-v1,100000.0,0.0001,0.96,4,0
44200,24,CartPole-v1,100000.0,0.0001,0.96,4,0
44300,26,CartPole-v1,100000.0,0.0001,0.96,4,0
44400,23,CartPole-v1,100000.0,0.0001,0.96,4,0
44500,25,CartPole-v1,100000.0,0.0001,0.96,4,0
44600,23,CartPole-v1,100000.0,0.0001,0.96,4,0
44700,26,CartPole-v1,100000.0,0.0001,0.96,4,0
44800,25,CartPole-v1,100000.0,0.0001,0.96,4,0
44900,25,CartPole-v1,100000.0,0.0001,0.96,4,0
45000,23,CartPole-v1,100000.0,0.0001,0.96,4,0
45100,27,CartPole-v1,100000.0,0.0001,0.96,4,0
45200,24,CartPole-v1,100000.0,0.0001,0.96,4,0
45300,23,CartPole-v1,100000.0,0.0001,0.96,4,0
45400,25,CartPole-v1,100000.0,0.0001,0.96,4,0
45500,26,CartPole-v1,100000.0,0.0001,0.96,4,0
45600,25,CartPole-v1,100000.0,0.0001,0.96,4,0
45700,26,CartPole-v1,100000.0,0.0001,0.96,4,0
45800,29,CartPole-v1,100000.0,0.0001,0.96,4,0
45900,26,CartPole-v1,100000.0,0.0001,0.96,4,0
46000,25,CartPole-v1,100000.0,0.0001,0.96,4,0
46100,25,CartPole-v1,100000.0,0.0001,0.96,4,0
46200,24,CartPole-v1,100000.0,0.0001,0.96,4,0
46300,27,CartPole-v1,100000.0,0.0001,0.96,4,0
46400,26,CartPole-v1,100000.0,0.0001,0.96,4,0
46500,27,CartPole-v1,100000.0,0.0001,0.96,4,0
46600,23,CartPole-v1,100000.0,0.0001,0.96,4,0
46700,25,CartPole-v1,100000.0,0.0001,0.96,4,0
46800,24,CartPole-v1,100000.0,0.0001,0.96,4,0
46900,26,CartPole-v1,100000.0,0.0001,0.96,4,0
47000,25,CartPole-v1,100000.0,0.0001,0.96,4,0
47100,23,CartPole-v1,100000.0,0.0001,0.96,4,0
47200,24,CartPole-v1,100000.0,0.0001,0.96,4,0
47300,24,CartPole-v1,100000.0,0.0001,0.96,4,0
47400,25,CartPole-v1,100000.0,0.0001,0.96,4,0
47500,26,CartPole-v1,100000.0,0.0001,0.96,4,0
47600,24,CartPole-v1,100000.0,0.0001,0.96,4,0
47700,27,CartPole-v1,100000.0,0.0001,0.96,4,0
47800,25,CartPole-v1,100000.0,0.0001,0.96,4,0
47900,25,CartPole-v1,100000.0,0.0001,0.96,4,0
48000,22,CartPole-v1,100000.0,0.0001,0.96,4,0
48100,26,CartPole-v1,100000.0,0.0001,0.96,4,0
48200,28,CartPole-v1,100000.0,0.0001,0.96,4,0
48300,26,CartPole-v1,100000.0,0.0001,0.96,4,0
48400,23,CartPole-v1,100000.0,0.0001,0.96,4,0
48500,25,CartPole-v1,100000.0,0.0001,0.96,4,0
48600,22,CartPole-v1,100000.0,0.0001,0.96,4,0
48700,25,CartPole-v1,100000.0,0.0001,0.96,4,0
48800,24,CartPole-v1,100000.0,0.0001,0.96,4,0
48900,24,CartPole-v1,100000.0,0.0001,0.96,4,0
49000,26,CartPole-v1,100000.0,0.0001,0.96,4,0
49100,25,CartPole-v1,100000.0,0.0001,0.96,4,0
49200,24,CartPole-v1,100000.0,0.0001,0.96,4,0
49300,23,CartPole-v1,100000.0,0.0001,0.96,4,0
49400,23,CartPole-v1,100000.0,0.0001,0.96,4,0
49500,24,CartPole-v1,100000.0,0.0001,0.96,4,0
49600,24,CartPole-v1,100000.0,0.0001,0.96,4,0
49700,26,CartPole-v1,100000.0,0.0001,0.96,4,0
49800,25,CartPole-v1,100000.0,0.0001,0.96,4,0
49900,26,CartPole-v1,100000.0,0.0001,0.96,4,0
50000,25,CartPole-v1,100000.0,0.0001,0.96,4,0
50100,24,CartPole-v1,100000.0,0.0001,0.96,4,0
50200,24,CartPole-v1,100000.0,0.0001,0.96,4,0
50300,24,CartPole-v1,100000.0,0.0001,0.96,4,0
50400,24,CartPole-v1,100000.0,0.0001,0.96,4,0
50500,25,CartPole-v1,100000.0,0.0001,0.96,4,0
50600,25,CartPole-v1,100000.0,0.0001,0.96,4,0
50700,24,CartPole-v1,100000.0,0.0001,0.96,4,0
50800,24,CartPole-v1,100000.0,0.0001,0.96,4,0
50900,22,CartPole-v1,100000.0,0.0001,0.96,4,0
51000,22,CartPole-v1,100000.0,0.0001,0.96,4,0
51100,27,CartPole-v1,100000.0,0.0001,0.96,4,0
51200,23,CartPole-v1,100000.0,0.0001,0.96,4,0
51300,24,CartPole-v1,100000.0,0.0001,0.96,4,0
51400,24,CartPole-v1,100000.0,0.0001,0.96,4,0
51500,23,CartPole-v1,100000.0,0.0001,0.96,4,0
51600,23,CartPole-v1,100000.0,0.0001,0.96,4,0
51700,24,CartPole-v1,100000.0,0.0001,0.96,4,0
51800,26,CartPole-v1,100000.0,0.0001,0.96,4,0
51900,24,CartPole-v1,100000.0,0.0001,0.96,4,0
52000,24,CartPole-v1,100000.0,0.0001,0.96,4,0
52100,23,CartPole-v1,100000.0,0.0001,0.96,4,0
52200,22,CartPole-v1,100000.0,0.0001,0.96,4,0
52300,21,CartPole-v1,100000.0,0.0001,0.96,4,0
52400,23,CartPole-v1,100000.0,0.0001,0.96,4,0
52500,24,CartPole-v1,100000.0,0.0001,0.96,4,0
52600,24,CartPole-v1,100000.0,0.0001,0.96,4,0
52700,24,CartPole-v1,100000.0,0.0001,0.96,4,0
52800,25,CartPole-v1,100000.0,0.0001,0.96,4,0
52900,26,CartPole-v1,100000.0,0.0001,0.96,4,0
53000,27,CartPole-v1,100000.0,0.0001,0.96,4,0
53100,21,CartPole-v1,100000.0,0.0001,0.96,4,0
53200,24,CartPole-v1,100000.0,0.0001,0.96,4,0
53300,25,CartPole-v1,100000.0,0.0001,0.96,4,0
53400,25,CartPole-v1,100000.0,0.0001,0.96,4,0
53500,25,CartPole-v1,100000.0,0.0001,0.96,4,0
53600,23,CartPole-v1,100000.0,0.0001,0.96,4,0
53700,27,CartPole-v1,100000.0,0.0001,0.96,4,0
53800,24,CartPole-v1,100000.0,0.0001,0.96,4,0
53900,25,CartPole-v1,100000.0,0.0001,0.96,4,0
54000,23,CartPole-v1,100000.0,0.0001,0.96,4,0
54100,21,CartPole-v1,100000.0,0.0001,0.96,4,0
54200,23,CartPole-v1,100000.0,0.0001,0.96,4,0
54300,25,CartPole-v1,100000.0,0.0001,0.96,4,0
54400,23,CartPole-v1,100000.0,0.0001,0.96,4,0
54500,23,CartPole-v1,100000.0,0.0001,0.96,4,0
54600,22,CartPole-v1,100000.0,0.0001,0.96,4,0
54700,24,CartPole-v1,100000.0,0.0001,0.96,4,0
54800,24,CartPole-v1,100000.0,0.0001,0.96,4,0
54900,25,CartPole-v1,100000.0,0.0001,0.96,4,0
55000,22,CartPole-v1,100000.0,0.0001,0.96,4,0
55100,23,CartPole-v1,100000.0,0.0001,0.96,4,0
55200,24,CartPole-v1,100000.0,0.0001,0.96,4,0
55300,24,CartPole-v1,100000.0,0.0001,0.96,4,0
55400,23,CartPole-v1,100000.0,0.0001,0.96,4,0
55500,23,CartPole-v1,100000.0,0.0001,0.96,4,0
55600,25,CartPole-v1,100000.0,0.0001,0.96,4,0
55700,25,CartPole-v1,100000.0,0.0001,0.96,4,0
55800,23,CartPole-v1,100000.0,0.0001,0.96,4,0
55900,21,CartPole-v1,100000.0,0.0001,0.96,4,0
56000,22,CartPole-v1,100000.0,0.0001,0.96,4,0
56100,23,CartPole-v1,100000.0,0.0001,0.96,4,0
56200,24,CartPole-v1,100000.0,0.0001,0.96,4,0
56300,26,CartPole-v1,100000.0,0.0001,0.96,4,0
56400,26,CartPole-v1,100000.0,0.0001,0.96,4,0
56500,25,CartPole-v1,100000.0,0.0001,0.96,4,0
56600,26,CartPole-v1,100000.0,0.0001,0.96,4,0
56700,23,CartPole-v1,100000.0,0.0001,0.96,4,0
56800,22,CartPole-v1,100000.0,0.0001,0.96,4,0
56900,24,CartPole-v1,100000.0,0.0001,0.96,4,0
57000,23,CartPole-v1,100000.0,0.0001,0.96,4,0
57100,26,CartPole-v1,100000.0,0.0001,0.96,4,0
57200,24,CartPole-v1,100000.0,0.0001,0.96,4,0
57300,27,CartPole-v1,100000.0,0.0001,0.96,4,0
57400,23,CartPole-v1,100000.0,0.0001,0.96,4,0
57500,21,CartPole-v1,100000.0,0.0001,0.96,4,0
57600,24,CartPole-v1,100000.0,0.0001,0.96,4,0
57700,28,CartPole-v1,100000.0,0.0001,0.96,4,0
57800,23,CartPole-v1,100000.0,0.0001,0.96,4,0
57900,23,CartPole-v1,100000.0,0.0001,0.96,4,0
58000,25,CartPole-v1,100000.0,0.0001,0.96,4,0
58100,23,CartPole-v1,100000.0,0.0001,0.96,4,0
58200,24,CartPole-v1,100000.0,0.0001,0.96,4,0
58300,23,CartPole-v1,100000.0,0.0001,0.96,4,0
58400,25,CartPole-v1,100000.0,0.0001,0.96,4,0
58500,23,CartPole-v1,100000.0,0.0001,0.96,4,0
58600,23,CartPole-v1,100000.0,0.0001,0.96,4,0
58700,22,CartPole-v1,100000.0,0.0001,0.96,4,0
58800,21,CartPole-v1,100000.0,0.0001,0.96,4,0
58900,23,CartPole-v1,100000.0,0.0001,0.96,4,0
59000,24,CartPole-v1,100000.0,0.0001,0.96,4,0
59100,23,CartPole-v1,100000.0,0.0001,0.96,4,0
59200,25,CartPole-v1,100000.0,0.0001,0.96,4,0
59300,23,CartPole-v1,100000.0,0.0001,0.96,4,0
59400,24,CartPole-v1,100000.0,0.0001,0.96,4,0
59500,22,CartPole-v1,100000.0,0.0001,0.96,4,0
59600,23,CartPole-v1,100000.0,0.0001,0.96,4,0
59700,25,CartPole-v1,100000.0,0.0001,0.96,4,0
59800,23,CartPole-v1,100000.0,0.0001,0.96,4,0
59900,24,CartPole-v1,100000.0,0.0001,0.96,4,0
60000,23,CartPole-v1,100000.0,0.0001,0.96,4,0
60100,22,CartPole-v1,100000.0,0.0001,0.96,4,0
60200,22,CartPole-v1,100000.0,0.0001,0.96,4,0
60300,23,CartPole-v1,100000.0,0.0001,0.96,4,0
60400,24,CartPole-v1,100000.0,0.0001,0.96,4,0
60500,24,CartPole-v1,100000.0,0.0001,0.96,4,0
60600,27,CartPole-v1,100000.0,0.0001,0.96,4,0
60700,25,CartPole-v1,100000.0,0.0001,0.96,4,0
60800,23,CartPole-v1,100000.0,0.0001,0.96,4,0
60900,23,CartPole-v1,100000.0,0.0001,0.96,4,0
61000,26,CartPole-v1,100000.0,0.0001,0.96,4,0
61100,26,CartPole-v1,100000.0,0.0001,0.96,4,0
61200,24,CartPole-v1,100000.0,0.0001,0.96,4,0
61300,24,CartPole-v1,100000.0,0.0001,0.96,4,0
61400,25,CartPole-v1,100000.0,0.0001,0.96,4,0
61500,23,CartPole-v1,100000.0,0.0001,0.96,4,0
61600,24,CartPole-v1,100000.0,0.0001,0.96,4,0
61700,22,CartPole-v1,100000.0,0.0001,0.96,4,0
61800,23,CartPole-v1,100000.0,0.0001,0.96,4,0
61900,26,CartPole-v1,100000.0,0.0001,0.96,4,0
62000,25,CartPole-v1,100000.0,0.0001,0.96,4,0
62100,23,CartPole-v1,100000.0,0.0001,0.96,4,0
62200,23,CartPole-v1,100000.0,0.0001,0.96,4,0
62300,22,CartPole-v1,100000.0,0.0001,0.96,4,0
62400,24,CartPole-v1,100000.0,0.0001,0.96,4,0
62500,25,CartPole-v1,100000.0,0.0001,0.96,4,0
62600,27,CartPole-v1,100000.0,0.0001,0.96,4,0
62700,23,CartPole-v1,100000.0,0.0001,0.96,4,0
62800,26,CartPole-v1,100000.0,0.0001,0.96,4,0
62900,24,CartPole-v1,100000.0,0.0001,0.96,4,0
63000,25,CartPole-v1,100000.0,0.0001,0.96,4,0
63100,23,CartPole-v1,100000.0,0.0001,0.96,4,0
63200,25,CartPole-v1,100000.0,0.0001,0.96,4,0
63300,24,CartPole-v1,100000.0,0.0001,0.96,4,0
63400,25,CartPole-v1,100000.0,0.0001,0.96,4,0
63500,23,CartPole-v1,100000.0,0.0001,0.96,4,0
63600,26,CartPole-v1,100000.0,0.0001,0.96,4,0
63700,25,CartPole-v1,100000.0,0.0001,0.96,4,0
63800,26,CartPole-v1,100000.0,0.0001,0.96,4,0
63900,24,CartPole-v1,100000.0,0.0001,0.96,4,0
64000,22,CartPole-v1,100000.0,0.0001,0.96,4,0
64100,24,CartPole-v1,100000.0,0.0001,0.96,4,0
64200,22,CartPole-v1,100000.0,0.0001,0.96,4,0
64300,26,CartPole-v1,100000.0,0.0001,0.96,4,0
64400,21,CartPole-v1,100000.0,0.0001,0.96,4,0
64500,25,CartPole-v1,100000.0,0.0001,0.96,4,0
64600,21,CartPole-v1,100000.0,0.0001,0.96,4,0
64700,24,CartPole-v1,100000.0,0.0001,0.96,4,0
64800,25,CartPole-v1,100000.0,0.0001,0.96,4,0
64900,22,CartPole-v1,100000.0,0.0001,0.96,4,0
65000,25,CartPole-v1,100000.0,0.0001,0.96,4,0
65100,26,CartPole-v1,100000.0,0.0001,0.96,4,0
65200,24,CartPole-v1,100000.0,0.0001,0.96,4,0
65300,25,CartPole-v1,100000.0,0.0001,0.96,4,0
65400,25,CartPole-v1,100000.0,0.0001,0.96,4,0
65500,25,CartPole-v1,100000.0,0.0001,0.96,4,0
65600,25,CartPole-v1,100000.0,0.0001,0.96,4,0
65700,23,CartPole-v1,100000.0,0.0001,0.96,4,0
65800,24,CartPole-v1,100000.0,0.0001,0.96,4,0
65900,25,CartPole-v1,100000.0,0.0001,0.96,4,0
66000,22,CartPole-v1,100000.0,0.0001,0.96,4,0
66100,25,CartPole-v1,100000.0,0.0001,0.96,4,0
66200,26,CartPole-v1,100000.0,0.0001,0.96,4,0
66300,25,CartPole-v1,100000.0,0.0001,0.96,4,0
66400,23,CartPole-v1,100000.0,0.0001,0.96,4,0
66500,23,CartPole-v1,100000.0,0.0001,0.96,4,0
66600,25,CartPole-v1,100000.0,0.0001,0.96,4,0
66700,24,CartPole-v1,100000.0,0.0001,0.96,4,0
66800,23,CartPole-v1,100000.0,0.0001,0.96,4,0
66900,22,CartPole-v1,100000.0,0.0001,0.96,4,0
67000,25,CartPole-v1,100000.0,0.0001,0.96,4,0
67100,25,CartPole-v1,100000.0,0.0001,0.96,4,0
67200,23,CartPole-v1,100000.0,0.0001,0.96,4,0
67300,27,CartPole-v1,100000.0,0.0001,0.96,4,0
67400,27,CartPole-v1,100000.0,0.0001,0.96,4,0
67500,23,CartPole-v1,100000.0,0.0001,0.96,4,0
67600,23,CartPole-v1,100000.0,0.0001,0.96,4,0
67700,23,CartPole-v1,100000.0,0.0001,0.96,4,0
67800,23,CartPole-v1,100000.0,0.0001,0.96,4,0
67900,26,CartPole-v1,100000.0,0.0001,0.96,4,0
68000,24,CartPole-v1,100000.0,0.0001,0.96,4,0
68100,22,CartPole-v1,100000.0,0.0001,0.96,4,0
68200,23,CartPole-v1,100000.0,0.0001,0.96,4,0
68300,24,CartPole-v1,100000.0,0.0001,0.96,4,0
68400,25,CartPole-v1,100000.0,0.0001,0.96,4,0
68500,24,CartPole-v1,100000.0,0.0001,0.96,4,0
68600,25,CartPole-v1,100000.0,0.0001,0.96,4,0
68700,23,CartPole-v1,100000.0,0.0001,0.96,4,0
68800,24,CartPole-v1,100000.0,0.0001,0.96,4,0
68900,25,CartPole-v1,100000.0,0.0001,0.96,4,0
69000,24,CartPole-v1,100000.0,0.0001,0.96,4,0
69100,25,CartPole-v1,100000.0,0.0001,0.96,4,0
69200,23,CartPole-v1,100000.0,0.0001,0.96,4,0
69300,23,CartPole-v1,100000.0,0.0001,0.96,4,0
69400,27,CartPole-v1,100000.0,0.0001,0.96,4,0
69500,23,CartPole-v1,100000.0,0.0001,0.96,4,0
69600,24,CartPole-v1,100000.0,0.0001,0.96,4,0
69700,24,CartPole-v1,100000.0,0.0001,0.96,4,0
69800,26,CartPole-v1,100000.0,0.0001,0.96,4,0
69900,22,CartPole-v1,100000.0,0.0001,0.96,4,0
70000,24,CartPole-v1,100000.0,0.0001,0.96,4,0
70100,23,CartPole-v1,100000.0,0.0001,0.96,4,0
70200,24,CartPole-v1,100000.0,0.0001,0.96,4,0
70300,24,CartPole-v1,100000.0,0.0001,0.96,4,0
70400,25,CartPole-v1,100000.0,0.0001,0.96,4,0
70500,27,CartPole-v1,100000.0,0.0001,0.96,4,0
70600,26,CartPole-v1,100000.0,0.0001,0.96,4,0
70700,26,CartPole-v1,100000.0,0.0001,0.96,4,0
70800,25,CartPole-v1,100000.0,0.0001,0.96,4,0
70900,22,CartPole-v1,100000.0,0.0001,0.96,4,0
71000,23,CartPole-v1,100000.0,0.0001,0.96,4,0
71100,23,CartPole-v1,100000.0,0.0001,0.96,4,0
71200,24,CartPole-v1,100000.0,0.0001,0.96,4,0
71300,24,CartPole-v1,100000.0,0.0001,0.96,4,0
71400,24,CartPole-v1,100000.0,0.0001,0.96,4,0
71500,25,CartPole-v1,100000.0,0.0001,0.96,4,0
71600,24,CartPole-v1,100000.0,0.0001,0.96,4,0
71700,23,CartPole-v1,100000.0,0.0001,0.96,4,0
71800,26,CartPole-v1,100000.0,0.0001,0.96,4,0
71900,23,CartPole-v1,100000.0,0.0001,0.96,4,0
72000,23,CartPole-v1,100000.0,0.0001,0.96,4,0
72100,25,CartPole-v1,100000.0,0.0001,0.96,4,0
72200,22,CartPole-v1,100000.0,0.0001,0.96,4,0
72300,24,CartPole-v1,100000.0,0.0001,0.96,4,0
72400,24,CartPole-v1,100000.0,0.0001,0.96,4,0
72500,26,CartPole-v1,100000.0,0.0001,0.96,4,0
72600,24,CartPole-v1,100000.0,0.0001,0.96,4,0
72700,24,CartPole-v1,100000.0,0.0001,0.96,4,0
72800,23,CartPole-v1,100000.0,0.0001,0.96,4,0
72900,27,CartPole-v1,100000.0,0.0001,0.96,4,0
73000,24,CartPole-v1,100000.0,0.0001,0.96,4,0
73100,25,CartPole-v1,100000.0,0.0001,0.96,4,0
73200,24,CartPole-v1,100000.0,0.0001,0.96,4,0
73300,23,CartPole-v1,100000.0,0.0001,0.96,4,0
73400,27,CartPole-v1,100000.0,0.0001,0.96,4,0
73500,22,CartPole-v1,100000.0,0.0001,0.96,4,0
73600,24,CartPole-v1,100000.0,0.0001,0.96,4,0
73700,26,CartPole-v1,100000.0,0.0001,0.96,4,0
73800,23,CartPole-v1,100000.0,0.0001,0.96,4,0
73900,25,CartPole-v1,100000.0,0.0001,0.96,4,0
74000,24,CartPole-v1,100000.0,0.0001,0.96,4,0
74100,24,CartPole-v1,100000.0,0.0001,0.96,4,0
74200,25,CartPole-v1,100000.0,0.0001,0.96,4,0
74300,26,CartPole-v1,100000.0,0.0001,0.96,4,0
74400,23,CartPole-v1,100000.0,0.0001,0.96,4,0
74500,26,CartPole-v1,100000.0,0.0001,0.96,4,0
74600,24,CartPole-v1,100000.0,0.0001,0.96,4,0
74700,24,CartPole-v1,100000.0,0.0001,0.96,4,0
74800,26,CartPole-v1,100000.0,0.0001,0.96,4,0
74900,25,CartPole-v1,100000.0,0.0001,0.96,4,0
75000,23,CartPole-v1,100000.0,0.0001,0.96,4,0
75100,23,CartPole-v1,100000.0,0.0001,0.96,4,0
75200,22,CartPole-v1,100000.0,0.0001,0.96,4,0
75300,23,CartPole-v1,100000.0,0.0001,0.96,4,0
75400,24,CartPole-v1,100000.0,0.0001,0.96,4,0
75500,28,CartPole-v1,100000.0,0.0001,0.96,4,0
75600,27,CartPole-v1,100000.0,0.0001,0.96,4,0
75700,24,CartPole-v1,100000.0,0.0001,0.96,4,0
75800,21,CartPole-v1,100000.0,0.0001,0.96,4,0
75900,23,CartPole-v1,100000.0,0.0001,0.96,4,0
76000,27,CartPole-v1,100000.0,0.0001,0.96,4,0
76100,25,CartPole-v1,100000.0,0.0001,0.96,4,0
76200,24,CartPole-v1,100000.0,0.0001,0.96,4,0
76300,25,CartPole-v1,100000.0,0.0001,0.96,4,0
76400,26,CartPole-v1,100000.0,0.0001,0.96,4,0
76500,26,CartPole-v1,100000.0,0.0001,0.96,4,0
76600,26,CartPole-v1,100000.0,0.0001,0.96,4,0
76700,24,CartPole-v1,100000.0,0.0001,0.96,4,0
76800,26,CartPole-v1,100000.0,0.0001,0.96,4,0
76900,25,CartPole-v1,100000.0,0.0001,0.96,4,0
77000,28,CartPole-v1,100000.0,0.0001,0.96,4,0
77100,23,CartPole-v1,100000.0,0.0001,0.96,4,0
77200,25,CartPole-v1,100000.0,0.0001,0.96,4,0
77300,26,CartPole-v1,100000.0,0.0001,0.96,4,0
77400,23,CartPole-v1,100000.0,0.0001,0.96,4,0
77500,23,CartPole-v1,100000.0,0.0001,0.96,4,0
77600,24,CartPole-v1,100000.0,0.0001,0.96,4,0
77700,25,CartPole-v1,100000.0,0.0001,0.96,4,0
77800,24,CartPole-v1,100000.0,0.0001,0.96,4,0
77900,24,CartPole-v1,100000.0,0.0001,0.96,4,0
78000,25,CartPole-v1,100000.0,0.0001,0.96,4,0
78100,25,CartPole-v1,100000.0,0.0001,0.96,4,0
78200,22,CartPole-v1,100000.0,0.0001,0.96,4,0
78300,26,CartPole-v1,100000.0,0.0001,0.96,4,0
78400,25,CartPole-v1,100000.0,0.0001,0.96,4,0
78500,23,CartPole-v1,100000.0,0.0001,0.96,4,0
78600,26,CartPole-v1,100000.0,0.0001,0.96,4,0
78700,23,CartPole-v1,100000.0,0.0001,0.96,4,0
78800,26,CartPole-v1,100000.0,0.0001,0.96,4,0
78900,24,CartPole-v1,100000.0,0.0001,0.96,4,0
79000,24,CartPole-v1,100000.0,0.0001,0.96,4,0
79100,23,CartPole-v1,100000.0,0.0001,0.96,4,0
79200,23,CartPole-v1,100000.0,0.0001,0.96,4,0
79300,26,CartPole-v1,100000.0,0.0001,0.96,4,0
79400,22,CartPole-v1,100000.0,0.0001,0.96,4,0
79500,24,CartPole-v1,100000.0,0.0001,0.96,4,0
79600,23,CartPole-v1,100000.0,0.0001,0.96,4,0
79700,23,CartPole-v1,100000.0,0.0001,0.96,4,0
79800,25,CartPole-v1,100000.0,0.0001,0.96,4,0
79900,26,CartPole-v1,100000.0,0.0001,0.96,4,0
80000,22,CartPole-v1,100000.0,0.0001,0.96,4,0
80100,26,CartPole-v1,100000.0,0.0001,0.96,4,0
80200,23,CartPole-v1,100000.0,0.0001,0.96,4,0
80300,21,CartPole-v1,100000.0,0.0001,0.96,4,0
80400,26,CartPole-v1,100000.0,0.0001,0.96,4,0
80500,25,CartPole-v1,100000.0,0.0001,0.96,4,0
80600,24,CartPole-v1,100000.0,0.0001,0.96,4,0
80700,26,CartPole-v1,100000.0,0.0001,0.96,4,0
80800,25,CartPole-v1,100000.0,0.0001,0.96,4,0
80900,27,CartPole-v1,100000.0,0.0001,0.96,4,0
81000,25,CartPole-v1,100000.0,0.0001,0.96,4,0
81100,25,CartPole-v1,100000.0,0.0001,0.96,4,0
81200,23,CartPole-v1,100000.0,0.0001,0.96,4,0
81300,27,CartPole-v1,100000.0,0.0001,0.96,4,0
81400,23,CartPole-v1,100000.0,0.0001,0.96,4,0
81500,24,CartPole-v1,100000.0,0.0001,0.96,4,0
81600,23,CartPole-v1,100000.0,0.0001,0.96,4,0
81700,24,CartPole-v1,100000.0,0.0001,0.96,4,0
81800,24,CartPole-v1,100000.0,0.0001,0.96,4,0
81900,25,CartPole-v1,100000.0,0.0001,0.96,4,0
82000,23,CartPole-v1,100000.0,0.0001,0.96,4,0
82100,23,CartPole-v1,100000.0,0.0001,0.96,4,0
82200,27,CartPole-v1,100000.0,0.0001,0.96,4,0
82300,23,CartPole-v1,100000.0,0.0001,0.96,4,0
82400,24,CartPole-v1,100000.0,0.0001,0.96,4,0
82500,26,CartPole-v1,100000.0,0.0001,0.96,4,0
82600,25,CartPole-v1,100000.0,0.0001,0.96,4,0
82700,25,CartPole-v1,100000.0,0.0001,0.96,4,0
82800,25,CartPole-v1,100000.0,0.0001,0.96,4,0
82900,23,CartPole-v1,100000.0,0.0001,0.96,4,0
83000,24,CartPole-v1,100000.0,0.0001,0.96,4,0
83100,27,CartPole-v1,100000.0,0.0001,0.96,4,0
83200,26,CartPole-v1,100000.0,0.0001,0.96,4,0
83300,23,CartPole-v1,100000.0,0.0001,0.96,4,0
83400,27,CartPole-v1,100000.0,0.0001,0.96,4,0
83500,25,CartPole-v1,100000.0,0.0001,0.96,4,0
83600,22,CartPole-v1,100000.0,0.0001,0.96,4,0
83700,25,CartPole-v1,100000.0,0.0001,0.96,4,0
83800,26,CartPole-v1,100000.0,0.0001,0.96,4,0
83900,25,CartPole-v1,100000.0,0.0001,0.96,4,0
84000,24,CartPole-v1,100000.0,0.0001,0.96,4,0
84100,21,CartPole-v1,100000.0,0.0001,0.96,4,0
84200,21,CartPole-v1,100000.0,0.0001,0.96,4,0
84300,27,CartPole-v1,100000.0,0.0001,0.96,4,0
84400,22,CartPole-v1,100000.0,0.0001,0.96,4,0
84500,25,CartPole-v1,100000.0,0.0001,0.96,4,0
84600,23,CartPole-v1,100000.0,0.0001,0.96,4,0
84700,23,CartPole-v1,100000.0,0.0001,0.96,4,0
84800,23,CartPole-v1,100000.0,0.0001,0.96,4,0
84900,21,CartPole-v1,100000.0,0.0001,0.96,4,0
85000,25,CartPole-v1,100000.0,0.0001,0.96,4,0
85100,23,CartPole-v1,100000.0,0.0001,0.96,4,0
85200,22,CartPole-v1,100000.0,0.0001,0.96,4,0
85300,25,CartPole-v1,100000.0,0.0001,0.96,4,0
85400,25,CartPole-v1,100000.0,0.0001,0.96,4,0
85500,23,CartPole-v1,100000.0,0.0001,0.96,4,0
85600,22,CartPole-v1,100000.0,0.0001,0.96,4,0
85700,25,CartPole-v1,100000.0,0.0001,0.96,4,0
85800,23,CartPole-v1,100000.0,0.0001,0.96,4,0
85900,22,CartPole-v1,100000.0,0.0001,0.96,4,0
86000,21,CartPole-v1,100000.0,0.0001,0.96,4,0
86100,22,CartPole-v1,100000.0,0.0001,0.96,4,0
86200,24,CartPole-v1,100000.0,0.0001,0.96,4,0
86300,24,CartPole-v1,100000.0,0.0001,0.96,4,0
86400,24,CartPole-v1,100000.0,0.0001,0.96,4,0
86500,22,CartPole-v1,100000.0,0.0001,0.96,4,0
86600,25,CartPole-v1,100000.0,0.0001,0.96,4,0
86700,23,CartPole-v1,100000.0,0.0001,0.96,4,0
86800,25,CartPole-v1,100000.0,0.0001,0.96,4,0
86900,23,CartPole-v1,100000.0,0.0001,0.96,4,0
87000,25,CartPole-v1,100000.0,0.0001,0.96,4,0
87100,25,CartPole-v1,100000.0,0.0001,0.96,4,0
87200,24,CartPole-v1,100000.0,0.0001,0.96,4,0
87300,24,CartPole-v1,100000.0,0.0001,0.96,4,0
87400,23,CartPole-v1,100000.0,0.0001,0.96,4,0
87500,23,CartPole-v1,100000.0,0.0001,0.96,4,0
87600,24,CartPole-v1,100000.0,0.0001,0.96,4,0
87700,23,CartPole-v1,100000.0,0.0001,0.96,4,0
87800,21,CartPole-v1,100000.0,0.0001,0.96,4,0
87900,23,CartPole-v1,100000.0,0.0001,0.96,4,0
88000,25,CartPole-v1,100000.0,0.0001,0.96,4,0
88100,22,CartPole-v1,100000.0,0.0001,0.96,4,0
88200,25,CartPole-v1,100000.0,0.0001,0.96,4,0
88300,25,CartPole-v1,100000.0,0.0001,0.96,4,0
88400,25,CartPole-v1,100000.0,0.0001,0.96,4,0
88500,24,CartPole-v1,100000.0,0.0001,0.96,4,0
88600,26,CartPole-v1,100000.0,0.0001,0.96,4,0
88700,23,CartPole-v1,100000.0,0.0001,0.96,4,0
88800,26,CartPole-v1,100000.0,0.0001,0.96,4,0
88900,24,CartPole-v1,100000.0,0.0001,0.96,4,0
89000,20,CartPole-v1,100000.0,0.0001,0.96,4,0
89100,24,CartPole-v1,100000.0,0.0001,0.96,4,0
89200,25,CartPole-v1,100000.0,0.0001,0.96,4,0
89300,23,CartPole-v1,100000.0,0.0001,0.96,4,0
89400,23,CartPole-v1,100000.0,0.0001,0.96,4,0
89500,23,CartPole-v1,100000.0,0.0001,0.96,4,0
89600,26,CartPole-v1,100000.0,0.0001,0.96,4,0
89700,23,CartPole-v1,100000.0,0.0001,0.96,4,0
89800,26,CartPole-v1,100000.0,0.0001,0.96,4,0
89900,24,CartPole-v1,100000.0,0.0001,0.96,4,0
90000,23,CartPole-v1,100000.0,0.0001,0.96,4,0
90100,24,CartPole-v1,100000.0,0.0001,0.96,4,0
90200,24,CartPole-v1,100000.0,0.0001,0.96,4,0
90300,24,CartPole-v1,100000.0,0.0001,0.96,4,0
90400,21,CartPole-v1,100000.0,0.0001,0.96,4,0
90500,23,CartPole-v1,100000.0,0.0001,0.96,4,0
90600,26,CartPole-v1,100000.0,0.0001,0.96,4,0
90700,25,CartPole-v1,100000.0,0.0001,0.96,4,0
90800,25,CartPole-v1,100000.0,0.0001,0.96,4,0
90900,22,CartPole-v1,100000.0,0.0001,0.96,4,0
91000,24,CartPole-v1,100000.0,0.0001,0.96,4,0
91100,22,CartPole-v1,100000.0,0.0001,0.96,4,0
91200,22,CartPole-v1,100000.0,0.0001,0.96,4,0
91300,24,CartPole-v1,100000.0,0.0001,0.96,4,0
91400,24,CartPole-v1,100000.0,0.0001,0.96,4,0
91500,24,CartPole-v1,100000.0,0.0001,0.96,4,0
91600,22,CartPole-v1,100000.0,0.0001,0.96,4,0
91700,25,CartPole-v1,100000.0,0.0001,0.96,4,0
91800,25,CartPole-v1,100000.0,0.0001,0.96,4,0
91900,25,CartPole-v1,100000.0,0.0001,0.96,4,0
92000,25,CartPole-v1,100000.0,0.0001,0.96,4,0
92100,24,CartPole-v1,100000.0,0.0001,0.96,4,0
92200,25,CartPole-v1,100000.0,0.0001,0.96,4,0
92300,24,CartPole-v1,100000.0,0.0001,0.96,4,0
92400,23,CartPole-v1,100000.0,0.0001,0.96,4,0
92500,25,CartPole-v1,100000.0,0.0001,0.96,4,0
92600,22,CartPole-v1,100000.0,0.0001,0.96,4,0
92700,23,CartPole-v1,100000.0,0.0001,0.96,4,0
92800,22,CartPole-v1,100000.0,0.0001,0.96,4,0
92900,24,CartPole-v1,100000.0,0.0001,0.96,4,0
93000,24,CartPole-v1,100000.0,0.0001,0.96,4,0
93100,25,CartPole-v1,100000.0,0.0001,0.96,4,0
93200,26,CartPole-v1,100000.0,0.0001,0.96,4,0
93300,22,CartPole-v1,100000.0,0.0001,0.96,4,0
93400,24,CartPole-v1,100000.0,0.0001,0.96,4,0
93500,23,CartPole-v1,100000.0,0.0001,0.96,4,0
93600,24,CartPole-v1,100000.0,0.0001,0.96,4,0
93700,23,CartPole-v1,100000.0,0.0001,0.96,4,0
93800,24,CartPole-v1,100000.0,0.0001,0.96,4,0
93900,25,CartPole-v1,100000.0,0.0001,0.96,4,0
94000,25,CartPole-v1,100000.0,0.0001,0.96,4,0
94100,25,CartPole-v1,100000.0,0.0001,0.96,4,0
94200,23,CartPole-v1,100000.0,0.0001,0.96,4,0
94300,23,CartPole-v1,100000.0,0.0001,0.96,4,0
94400,26,CartPole-v1,100000.0,0.0001,0.96,4,0
94500,24,CartPole-v1,100000.0,0.0001,0.96,4,0
94600,23,CartPole-v1,100000.0,0.0001,0.96,4,0
94700,25,CartPole-v1,100000.0,0.0001,0.96,4,0
94800,25,CartPole-v1,100000.0,0.0001,0.96,4,0
94900,25,CartPole-v1,100000.0,0.0001,0.96,4,0
95000,25,CartPole-v1,100000.0,0.0001,0.96,4,0
95100,22,CartPole-v1,100000.0,0.0001,0.96,4,0
95200,24,CartPole-v1,100000.0,0.0001,0.96,4,0
95300,25,CartPole-v1,100000.0,0.0001,0.96,4,0
95400,25,CartPole-v1,100000.0,0.0001,0.96,4,0
95500,24,CartPole-v1,100000.0,0.0001,0.96,4,0
95600,25,CartPole-v1,100000.0,0.0001,0.96,4,0
95700,27,CartPole-v1,100000.0,0.0001,0.96,4,0
95800,23,CartPole-v1,100000.0,0.0001,0.96,4,0
95900,23,CartPole-v1,100000.0,0.0001,0.96,4,0
96000,25,CartPole-v1,100000.0,0.0001,0.96,4,0
96100,23,CartPole-v1,100000.0,0.0001,0.96,4,0
96200,25,CartPole-v1,100000.0,0.0001,0.96,4,0
96300,24,CartPole-v1,100000.0,0.0001,0.96,4,0
96400,27,CartPole-v1,100000.0,0.0001,0.96,4,0
96500,26,CartPole-v1,100000.0,0.0001,0.96,4,0
96600,27,CartPole-v1,100000.0,0.0001,0.96,4,0
96700,24,CartPole-v1,100000.0,0.0001,0.96,4,0
96800,26,CartPole-v1,100000.0,0.0001,0.96,4,0
96900,26,CartPole-v1,100000.0,0.0001,0.96,4,0
97000,26,CartPole-v1,100000.0,0.0001,0.96,4,0
97100,23,CartPole-v1,100000.0,0.0001,0.96,4,0
97200,24,CartPole-v1,100000.0,0.0001,0.96,4,0
97300,26,CartPole-v1,100000.0,0.0001,0.96,4,0
97400,23,CartPole-v1,100000.0,0.0001,0.96,4,0
97500,23,CartPole-v1,100000.0,0.0001,0.96,4,0
97600,23,CartPole-v1,100000.0,0.0001,0.96,4,0
97700,25,CartPole-v1,100000.0,0.0001,0.96,4,0
97800,27,CartPole-v1,100000.0,0.0001,0.96,4,0
97900,24,CartPole-v1,100000.0,0.0001,0.96,4,0
98000,24,CartPole-v1,100000.0,0.0001,0.96,4,0
98100,26,CartPole-v1,100000.0,0.0001,0.96,4,0
98200,26,CartPole-v1,100000.0,0.0001,0.96,4,0
98300,27,CartPole-v1,100000.0,0.0001,0.96,4,0
98400,23,CartPole-v1,100000.0,0.0001,0.96,4,0
98500,28,CartPole-v1,100000.0,0.0001,0.96,4,0
98600,26,CartPole-v1,100000.0,0.0001,0.96,4,0
98700,27,CartPole-v1,100000.0,0.0001,0.96,4,0
98800,25,CartPole-v1,100000.0,0.0001,0.96,4,0
98900,24,CartPole-v1,100000.0,0.0001,0.96,4,0
99000,24,CartPole-v1,100000.0,0.0001,0.96,4,0
99100,25,CartPole-v1,100000.0,0.0001,0.96,4,0
99200,24,CartPole-v1,100000.0,0.0001,0.96,4,0
99300,24,CartPole-v1,100000.0,0.0001,0.96,4,0
99400,26,CartPole-v1,100000.0,0.0001,0.96,4,0
99500,26,CartPole-v1,100000.0,0.0001,0.96,4,0
99600,25,CartPole-v1,100000.0,0.0001,0.96,4,0
99700,23,CartPole-v1,100000.0,0.0001,0.96,4,0
99800,26,CartPole-v1,100000.0,0.0001,0.96,4,0
99900,25,CartPole-v1,100000.0,0.0001,0.96,4,0
100000,24,CartPole-v1,100000.0,0.0001,0.96,4,0
